title,url,collected_at
"Editas Medicine, Inc. (EDIT) TD Cowen 45th Annual Health Care Conference Transcript",https://seekingalpha.com/article/4764198-editas-medicine-inc-edit-td-cowen-45th-annual-health-care-conference-transcript#source=author_id%3A44211%7Cauthor_slug%3Asa-transcripts%7Ccontent_type%3Aall%7Cfirst_level_url%3Aauthor%7Csection_asset%3Aprofile_page_author_analysis%7Csection%3Aprofile_page_author,2025-03-03 16:03:56
California Resources Corporation (CRC) Q4 2024 Earnings Call Transcript,https://seekingalpha.com/article/4764187-california-resources-corporation-crc-q4-2024-earnings-call-transcript#source=author_id%3A44211%7Cauthor_slug%3Asa-transcripts%7Ccontent_type%3Aall%7Cfirst_level_url%3Aauthor%7Csection_asset%3Aprofile_page_author_analysis%7Csection%3Aprofile_page_author,2025-03-03 16:03:56
Strawberry Fields REIT (STRW) Q4 2024 Earnings Conference Call Transcript,https://seekingalpha.com/article/4764185-strawberry-fields-reit-strw-q4-2024-earnings-conference-call-transcript#source=author_id%3A44211%7Cauthor_slug%3Asa-transcripts%7Ccontent_type%3Aall%7Cfirst_level_url%3Aauthor%7Csection_asset%3Aprofile_page_author_analysis%7Csection%3Aprofile_page_author,2025-03-03 16:03:56
Bunzl plc (BZLFF) Q4 2024 Earnings Call Transcript,https://seekingalpha.com/article/4764181-bunzl-plc-bzlff-q4-2024-earnings-call-transcript#source=author_id%3A44211%7Cauthor_slug%3Asa-transcripts%7Ccontent_type%3Aall%7Cfirst_level_url%3Aauthor%7Csection_asset%3Aprofile_page_author_analysis%7Csection%3Aprofile_page_author,2025-03-03 16:03:56
"ServiceNow, Inc. (NOW) Morgan Stanley Technology, Media & Telecom Conference (Transcript)",https://seekingalpha.com/article/4764180-servicenow-inc-now-morgan-stanley-technology-media-and-telecom-conference-transcript#source=author_id%3A44211%7Cauthor_slug%3Asa-transcripts%7Ccontent_type%3Aall%7Cfirst_level_url%3Aauthor%7Csection_asset%3Aprofile_page_author_analysis%7Csection%3Aprofile_page_author,2025-03-03 16:03:56
"Microchip Technology Incorporated (MCHP) Morgan Stanley Technology, Media & Telcom Conference (Transcript)",https://seekingalpha.com/article/4764179-microchip-technology-incorporated-mchp-morgan-stanley-technology-media-and-telcom-conference#source=author_id%3A44211%7Cauthor_slug%3Asa-transcripts%7Ccontent_type%3Aall%7Cfirst_level_url%3Aauthor%7Csection_asset%3Aprofile_page_author_analysis%7Csection%3Aprofile_page_author,2025-03-03 16:03:56
Fortrea Holdings Inc. (FTRE) Q4 2024 Earnings Call Transcript,https://seekingalpha.com/article/4764177-fortrea-holdings-inc-ftre-q4-2024-earnings-call-transcript#source=author_id%3A44211%7Cauthor_slug%3Asa-transcripts%7Ccontent_type%3Aall%7Cfirst_level_url%3Aauthor%7Csection_asset%3Aprofile_page_author_analysis%7Csection%3Aprofile_page_author,2025-03-03 16:03:56
Monroe Capital (MRCC) Q4 2024 Earnings Call Transcript,https://seekingalpha.com/article/4764170-monroe-capital-mrcc-q4-2024-earnings-call-transcript#source=author_id%3A44211%7Cauthor_slug%3Asa-transcripts%7Ccontent_type%3Aall%7Cfirst_level_url%3Aauthor%7Csection_asset%3Aprofile_page_author_analysis%7Csection%3Aprofile_page_author,2025-03-03 16:03:56
CRISPR Therapeutics AG (CRSP) TD Cowen 45th Annual Healthcare Conference (Transcript),https://seekingalpha.com/article/4764167-crispr-therapeutics-ag-crsp-td-cowen-45th-annual-healthcare-conference-transcript#source=author_id%3A44211%7Cauthor_slug%3Asa-transcripts%7Ccontent_type%3Aall%7Cfirst_level_url%3Aauthor%7Csection_asset%3Aprofile_page_author_analysis%7Csection%3Aprofile_page_author,2025-03-03 16:03:56
Microchip Technology Incorporated (MCHP) Business Update Call (Transcript),https://seekingalpha.com/article/4764160-microchip-technology-incorporated-mchp-business-update-call-transcript#source=author_id%3A44211%7Cauthor_slug%3Asa-transcripts%7Ccontent_type%3Aall%7Cfirst_level_url%3Aauthor%7Csection_asset%3Aprofile_page_author_analysis%7Csection%3Aprofile_page_author,2025-03-03 16:03:56
Sphere Entertainment Co. (SPHR) Q2 2025 Earnings Call Transcript,https://seekingalpha.com/article/4764140-sphere-entertainment-co-sphr-q2-2025-earnings-call-transcript#source=author_id%3A44211%7Cauthor_slug%3Asa-transcripts%7Ccontent_type%3Aall%7Cfirst_level_url%3Aauthor%7Csection_asset%3Aprofile_page_author_analysis%7Csection%3Aprofile_page_author,2025-03-03 16:03:56
"Waste Management, Inc. (WM) Presents at 46th Annual Raymond James Institutional Investor Conference (Transcript)",https://seekingalpha.com/article/4764139-waste-management-inc-wm-presents-at-46th-annual-raymond-james-institutional-investor#source=author_id%3A44211%7Cauthor_slug%3Asa-transcripts%7Ccontent_type%3Aall%7Cfirst_level_url%3Aauthor%7Csection_asset%3Aprofile_page_author_analysis%7Csection%3Aprofile_page_author,2025-03-03 16:03:56
"Teladoc Health, Inc. (TDOC) TD Cowen 45th Annual Health Care Conference (Transcript)",https://seekingalpha.com/article/4764136-teladoc-health-inc-tdoc-td-cowen-45th-annual-health-care-conference-transcript#source=author_id%3A44211%7Cauthor_slug%3Asa-transcripts%7Ccontent_type%3Aall%7Cfirst_level_url%3Aauthor%7Csection_asset%3Aprofile_page_author_analysis%7Csection%3Aprofile_page_author,2025-03-03 16:03:56
Geodrill Limited (GEODF) Q4 2024 Earnings Call Transcript,https://seekingalpha.com/article/4764135-geodrill-limited-geodf-q4-2024-earnings-call-transcript#source=author_id%3A44211%7Cauthor_slug%3Asa-transcripts%7Ccontent_type%3Aall%7Cfirst_level_url%3Aauthor%7Csection_asset%3Aprofile_page_author_analysis%7Csection%3Aprofile_page_author,2025-03-03 16:03:56
"Lumen Technologies, Inc. (LUMN) Presents at Raymond James Annual Institutional Investors Conference (Transcript)",https://seekingalpha.com/article/4764132-lumen-technologies-inc-lumn-presents-at-raymond-james-annual-institutional-investors#source=author_id%3A44211%7Cauthor_slug%3Asa-transcripts%7Ccontent_type%3Aall%7Cfirst_level_url%3Aauthor%7Csection_asset%3Aprofile_page_author_analysis%7Csection%3Aprofile_page_author,2025-03-03 16:03:56
"N-able, Inc. (NABL) Q4 2024 Earnings Call Transcript",https://seekingalpha.com/article/4764131-n-able-inc-nabl-q4-2024-earnings-call-transcript#source=author_id%3A44211%7Cauthor_slug%3Asa-transcripts%7Ccontent_type%3Aall%7Cfirst_level_url%3Aauthor%7Csection_asset%3Aprofile_page_author_analysis%7Csection%3Aprofile_page_author,2025-03-03 16:03:56
"Surgery Partners, Inc. (SGRY) Q4 2024 Earnings Call Transcript",https://seekingalpha.com/article/4764128-surgery-partners-inc-sgry-q4-2024-earnings-call-transcript#source=author_id%3A44211%7Cauthor_slug%3Asa-transcripts%7Ccontent_type%3Aall%7Cfirst_level_url%3Aauthor%7Csection_asset%3Aprofile_page_author_analysis%7Csection%3Aprofile_page_author,2025-03-03 16:03:56
Nomad Foods Limited (NOMD) Q4 2024 Earnings Call Transcript,https://seekingalpha.com/article/4764125-nomad-foods-limited-nomd-q4-2024-earnings-call-transcript#source=author_id%3A44211%7Cauthor_slug%3Asa-transcripts%7Ccontent_type%3Aall%7Cfirst_level_url%3Aauthor%7Csection_asset%3Aprofile_page_author_analysis%7Csection%3Aprofile_page_author,2025-03-03 16:03:56
